,keyword,doc_1,doc_2,doc_3,doc_4
0,b'/\xcf\xd0_\x9d\x90\x83\xe8zJ\xdfq\xff\xd1\x13\x9c',b'\x80\x96\x19\xcb\x0f\xe9\xd8\x81f\xf7\xde\x98\xd0\xaa\xff\xb4',b'M\x95\x9f\x82;[\xb58\xf3\xa4a\x9e\xb1\xf7\xa6\xda',b'M\x95\x9f\x82;[\xb58\xf3\xa4a\x9e\xb1\xf7\xa6\xda',b'M\x95\x9f\x82;[\xb58\xf3\xa4a\x9e\xb1\xf7\xa6\xda'
1,b'\x8bd\xba\xfb\xfa\xfayn5H\x11\xff\xa0\xbb\x9d\xd5',b'\x8a\x8c8\xaa&>\xccF\x13\xc6\x8e6\x93\xd0\xf4\xff',b'\x8a\x8c8\xaa&>\xccF\x13\xc6\x8e6\x93\xd0\xf4\xff',b'\xc9$W\x84\x83u\xadx\xe51\xf1\x13\x03\xb5\x19\x80',b'\x8a\x8c8\xaa&>\xccF\x13\xc6\x8e6\x93\xd0\xf4\xff'
2,b'|\xd8W\xb5\xbb\xd5\x9c\xaa\x12\x19u\x9b3\xf8\xd2A',b'|\xd8W\xb5\xbb\xd5\x9c\xaa\x12\x19u\x9b3\xf8\xd2A',b'|\xd8W\xb5\xbb\xd5\x9c\xaa\x12\x19u\x9b3\xf8\xd2A',b'\x11\xa9N\x92:\xf0m03\xa7\x84.c\x1e.1',b'c.\xc9\xa4\x10\x13\x83\t\xfa\x08\xa5g\xbd\xc6+0'
3,b'Ygw\x1d\xf9(\x91\x9f\xf4\xa1\xb4H \x84Q\xc3',b'Ygw\x1d\xf9(\x91\x9f\xf4\xa1\xb4H \x84Q\xc3',b'Ygw\x1d\xf9(\x91\x9f\xf4\xa1\xb4H \x84Q\xc3',b'k\xbd:\xfe\xa5@\x8e\x0bb\x18\xadJ\x84\x84\x8e\x83',b'_\x0e\x9e)\xad\xf2\xb1M\xf6\x01\xa6\xe1:\xd3\x10\xbb'
4,b'\x10EQ\x01\xacZ\x0cWb\x1c\x02\xb8<I\xf0`',b'2mS\xed\x86@\x1cw\xa4\x0c\x96\xf3B\t\xa7\xcc',b'\x10EQ\x01\xacZ\x0cWb\x1c\x02\xb8<I\xf0`',b'\x10EQ\x01\xacZ\x0cWb\x1c\x02\xb8<I\xf0`',b'\x93\xc9C\xb1\xed\x18\x16\xfe\xb0\x8b\xfe>@\\\xeb\xcb'
5,b'\xc6@\xffp\xb0H\nF3\xfd\x85Q\\/\xde\xce',b'x\xe6$0 \xb3=^d\xe1\xe9\xc1\xb7\xfb\xe8\x9f',b'x\xe6$0 \xb3=^d\xe1\xe9\xc1\xb7\xfb\xe8\x9f',b'x\xe6$0 \xb3=^d\xe1\xe9\xc1\xb7\xfb\xe8\x9f',b'\x9d\x06\xc2)\xfeZ\x11\x14)\xe9\xf5\x19\x0fg\xe1\xc4'
6,b']\xc4\x93\x1ftD0?\xca\xf1\xb5\xfe\x16\x15~k',"b'Q\x91\x05\xc3\xa4\x9b\xc9,8\xa1\xdes1\x86\x96@'","b'\xd4\xd3""m\x12\x020\x9e\xf7R\xf4]\x1em%\x86'","b'\xd4\xd3""m\x12\x020\x9e\xf7R\xf4]\x1em%\x86'","b'\xd4\xd3""m\x12\x020\x9e\xf7R\xf4]\x1em%\x86'"
7,b'+\xbe\xc6}\xe9Yc\xd3\xd5ENa\x92\x9eG\xf7',"b""\x0c\xfa\xac\xf9\x95S\xf8\xe2uJ\x8d\xf0\xe3w!'""","b""\x0c\xfa\xac\xf9\x95S\xf8\xe2uJ\x8d\xf0\xe3w!'""",b'\xe3\xc3\x15\x86\xb5\x16>8\xa4\xfck\x95/2\x1f&',"b""\x0c\xfa\xac\xf9\x95S\xf8\xe2uJ\x8d\xf0\xe3w!'"""
8,b'\xbfS\x8d\x9d\xa0\xc4\xe15j:h\xf2tt\x0e\xad',b'\xbc\xa2\x84\x12k\t\xea)\x7f\x06\xda\r@\x88\xbe\xd3',b'\xbfS\x8d\x9d\xa0\xc4\xe15j:h\xf2tt\x0e\xad',b'\xbfS\x8d\x9d\xa0\xc4\xe15j:h\xf2tt\x0e\xad',b'\xc6\xe1\x86L\xd3\x94\xc3\xdemM\xef\x1c\x1aq/\x8c'
9,b'\xe8\tHZ0 \xd4\x02Y/\xdd\xd3\xd22O\xb3',b'\xf7THG&\xee\xe9-\xb7\x8c\x8aTJ\xb90r',"b'\xd6\x00a[e\xc5pybw\x1f\t\xc4\xef\x1c,'",b'\xe8\tHZ0 \xd4\x02Y/\xdd\xd3\xd22O\xb3',b'\xe8\tHZ0 \xd4\x02Y/\xdd\xd3\xd22O\xb3'
10,b'\xd7\xe2\xcb\x8b#\x9f/\x9bK\xaeu\xbd\xe2*\x89$',b'\x8eK\x88\xc3\xb5\xa6j\x80E\xbe\xe93\r\xdej+',b'\x84a\xcb\x88\x16X\xfb?t\xd4\xfc-\xf0\xc5}\xcc',b'\xd7\xe2\xcb\x8b#\x9f/\x9bK\xaeu\xbd\xe2*\x89$',b'\xd7\xe2\xcb\x8b#\x9f/\x9bK\xaeu\xbd\xe2*\x89$'
11,b'\x0c1\xa1y<\xe7\xd0l&\xc5m\xd1\x1b\xfd\xd9\xf5',b'\x0c1\xa1y<\xe7\xd0l&\xc5m\xd1\x1b\xfd\xd9\xf5',b'\x9b\x86i>D\xec\x8f\x14\x82\x07\t\x97\x1e\x07:\xa1',b'\xe6c\x0bA\xcf>x\xd3\xde\xcf\xfaj\x7fn\xf0`',b'\x0c1\xa1y<\xe7\xd0l&\xc5m\xd1\x1b\xfd\xd9\xf5'
12,b'\x83\r\xd9\xfdL\x95En\xca\xc5\x99\xfe\x06\x18j\xfa',"b'Q4l\xfc\xc5\xfcdP\xb6\n\xc1\xd8\xec\x1d&,'",b'\xb2\xe7\xa8\xa2y\xf3\xe4y\x165\x89\xa5y\xa5\x9c\xcb',b'\xb2\xe7\xa8\xa2y\xf3\xe4y\x165\x89\xa5y\xa5\x9c\xcb',b'\xb2\xe7\xa8\xa2y\xf3\xe4y\x165\x89\xa5y\xa5\x9c\xcb'
13,b'$\xa4\x90\xf3\xfc\xec\xde\xfd\xde\x08+\xe1\x84o\xaf\xde',b'$\xa4\x90\xf3\xfc\xec\xde\xfd\xde\x08+\xe1\x84o\xaf\xde',b'\xc2<\x19\x10\x0eOZt\x0b\x90\xaa\xd6\xd0\xc9\x81l',b'$\xa4\x90\xf3\xfc\xec\xde\xfd\xde\x08+\xe1\x84o\xaf\xde',b'\xad\xd8\x07\x93\xa7\xdb}\x1c\\\x90o\xf5\xfcz\x8bj'
14,b'\x98\xb1\xabvV^hK\xc0(\xd4\x1d\xdd2\xa1\xa6',b'\xbc\xcb\xcc\x92\xae\xc2\ry\xce\xad\x8fsh\x8a\x89\xca',b'\xbc\xcb\xcc\x92\xae\xc2\ry\xce\xad\x8fsh\x8a\x89\xca',b'\xbc\xcb\xcc\x92\xae\xc2\ry\xce\xad\x8fsh\x8a\x89\xca',b's\xff/\xde\x95\x7f!pw\xef\xaddn\xe4\xb4:'
15,b'\x12)\xc2F\x8b\x0f\xd7\xbc\x17\x00\xd5\xa7\xf5\x15\x0f\xe6',"b""'\x1c,X\xfa\xd6\x04\x80\xc5%{x \xb1P\x86""",b'W*HS\xb4\x86\xc7\xe3\xba3|\x92\xa3\n\x9bT',b'\x12)\xc2F\x8b\x0f\xd7\xbc\x17\x00\xd5\xa7\xf5\x15\x0f\xe6',b'\x12)\xc2F\x8b\x0f\xd7\xbc\x17\x00\xd5\xa7\xf5\x15\x0f\xe6'
16,b'\xd8\x1a\x07\x83\x077\xd9\xe0\xfaY\xf5B4\x90p\xb9',b'\xd8\xac\x8f\\\x06\xc6\xfc\xaa|\xffW\xec<OE\x91',b'\xd8\xac\x8f\\\x06\xc6\xfc\xaa|\xffW\xec<OE\x91',b'\xd8\xac\x8f\\\x06\xc6\xfc\xaa|\xffW\xec<OE\x91',b'\xe9\xda\x1d6\xe9\xcd\xce\xa3\xd7eQo\xd2^P\xfc'
17,b'\xe4x\x8d5\x92c8u]x\xbf\x86\x14L\x1a\xdb',b'\x81\x9f\x8cn\xfc\xd8\xa0n\x04\x10kH\xbd\xc0\xd1\xd8',b'\xe4x\x8d5\x92c8u]x\xbf\x86\x14L\x1a\xdb',b'\xf1\xe4}V\xee\x0b\xfb\xa6v\xbe\xf1:fj\xda\xf6',b'\xe4x\x8d5\x92c8u]x\xbf\x86\x14L\x1a\xdb'
18,b'0\xaa\xebw\xcb\x02\xd5\xea\x80\xba\xec2\xd5~]\x1e',"b'}\xfea\xafwy\xec&\xd4\x96@\x8b\x83Rn,'","b'}\xfea\xafwy\xec&\xd4\x96@\x8b\x83Rn,'",b';L\x85e\xc7\x9e\x14G\x15ia\xca\xc9\x90\x9f%',"b'}\xfea\xafwy\xec&\xd4\x96@\x8b\x83Rn,'"
19,b' \xc5P\x0b\xe1\x0ct\xef\xae\xa2_I\x9b\x04\xccp',b'%@\x9d\xbf\xe6_\x87\x95\xca\xbc!\xba\x05W\xd9\x83',b'%@\x9d\xbf\xe6_\x87\x95\xca\xbc!\xba\x05W\xd9\x83',b'%@\x9d\xbf\xe6_\x87\x95\xca\xbc!\xba\x05W\xd9\x83',b')\xb5l\r\xf3\xbfv\x97\xe5\xc8\x17EP\xe5\xfe\x9e'
20,b'%\xaf\xc3#\x1bM\xcbs\xf9K9jI\x8e\x80\n',b'\x06I\xba\xf3\x1d\xd3*\xc1\xeb\xc94C\xfb\xab\xf9\xa6',b'\x06I\xba\xf3\x1d\xd3*\xc1\xeb\xc94C\xfb\xab\xf9\xa6',b'\x06I\xba\xf3\x1d\xd3*\xc1\xeb\xc94C\xfb\xab\xf9\xa6',b'C\x14\xf9O\x88\xa9F\x13\xafk\xbb\x8caDP\xea'
21,b'\x0c\xc9[\xcc\x0f\xad(\x8b2\xa9\xff\x9fM\x87\xa8\xb8',b'\x0c\xc9[\xcc\x0f\xad(\x8b2\xa9\xff\x9fM\x87\xa8\xb8',"b'\x15\x9b\x0e,\n\xe0\xf5-`\xf5&\x1a\\\xf0\x1f\xd7'",b'\xaf\x15\xd9\x01\xa9kl\xd0\\\xc2\xca\x8d@\x8f\xb5&',b'\x0c\xc9[\xcc\x0f\xad(\x8b2\xa9\xff\x9fM\x87\xa8\xb8'
22,b'\xd9sO\xc5\x0e/\xb6\xa3\xcc\xe9\x80\xbbI\xc2\xcf+',b'\xd9sO\xc5\x0e/\xb6\xa3\xcc\xe9\x80\xbbI\xc2\xcf+',b'l\x00}\xcfQ\xbb\x8b8\xd5\xca\xe2\x7f\xc2m\xeeU',b'\xd9sO\xc5\x0e/\xb6\xa3\xcc\xe9\x80\xbbI\xc2\xcf+',"b'_\xa8\xe7}te.\xdf,e\xe2p\xc5g\x90\x81'"
23,b'\x08\xdc\x03\x0c\x15%!\xebu\xee\x8d4\xdd<\x1e ',b'\xdb\xd3rm\xcb\x1fE\xc5\xdc\xca\xf4\xe1s\x98\x93A',b'\x08\xdc\x03\x0c\x15%!\xebu\xee\x8d4\xdd<\x1e ',b'\x08\xdc\x03\x0c\x15%!\xebu\xee\x8d4\xdd<\x1e ',"b'\x86U\xd4*{\xa28\xbe\xefY8\x0e+\x06W,'"
24,b'+^\xd0\xd62\x14~\x9a\xbaNrh\xf7\xb0\x8c\xd3',b'+^\xd0\xd62\x14~\x9a\xbaNrh\xf7\xb0\x8c\xd3',b'+^\xd0\xd62\x14~\x9a\xbaNrh\xf7\xb0\x8c\xd3',b'\xdfk\t\x0ey\x18l\x93!\x89\x98\xa4\x88]m\xbf',b'\x82\xe7\xc6\xc0\xf0\x1a2\xf7\xf1h\xa6u\xc7\x9d\x08|'
25,b'2u\xef:\xa1\x85n\xfbe\xf1\x0c\x13G\x1a\xec',b'2u\xef:\xa1\x85n\xfbe\xf1\x0c\x13G\x1a\xec',b'2u\xef:\xa1\x85n\xfbe\xf1\x0c\x13G\x1a\xec',b'\xc9\x98)p\xb5\x19\xd4\xea\xf5/\x8ax\x05\x7f>\xf1',b'\x0f\x1br>D\xe2\nd\xe5\x1e\xe4\xfa\xc5\xac\x13\xbb'
26,b'\x97XE\x92\xe6\x17\xdccTW\x02\xac\xe2\x90\xc1\r',b'M\x81\xbb\xd3N\xbdfTk\xea\xcb^pG\xb4\xcb',b'\x97XE\x92\xe6\x17\xdccTW\x02\xac\xe2\x90\xc1\r',b'\x97XE\x92\xe6\x17\xdccTW\x02\xac\xe2\x90\xc1\r',b'/\x18{\x1f\xbf\x12P\x93\xb6\x13\x95O\x8d\xd8C\xf9'
27,b'\xcd\x00?\xa3\xc8\xae\xd1\x89\xc6r{\xca\x19\x94\x89\xd1',b'y\x86pr^y\xbc?\n\n\xfeG\x9f8\x99R',b'\xe9\x19wEf\x13~\xb1_\x17[Ix\xed\xe3c',b'y\x86pr^y\xbc?\n\n\xfeG\x9f8\x99R',b'y\x86pr^y\xbc?\n\n\xfeG\x9f8\x99R'
28,b'\x84\n\xc3.\xad\x81\xdf;\x17\x8cuL[?\x10Y',b'\xa9\xa4\xd4\xa3\x90OR\x194\xa3\xf3\\\xe9\xe2\x92\xf7',b'\xa9\xa4\xd4\xa3\x90OR\x194\xa3\xf3\\\xe9\xe2\x92\xf7',b'\xa9\xa4\xd4\xa3\x90OR\x194\xa3\xf3\\\xe9\xe2\x92\xf7',"b'kvhGGf\xe6,d-G\xc9\x12\x02\xden'"
29,b'\xdbZ\xd4:-\xd8g\xdcO\x98\xd6\xad\xde\xa3.l',b'\xdcG\xcfr<f\xe7k\x90\xeb\xb4\xab\xdd\x8dpE',b'\xdcG\xcfr<f\xe7k\x90\xeb\xb4\xab\xdd\x8dpE',b'\xdcG\xcfr<f\xe7k\x90\xeb\xb4\xab\xdd\x8dpE',b'&\x8fm\xa2\xe0{Q\x00\xd2\xf4\x13\x7f0\xd6Q\x82'
30,b'\xe6\xf4\x88\\T\x8fCG\x06Ejo\xb3\x94\x15\x1d',b'N\xab\xce\xc9\xd2T]t\xe6\xa6\x84\t\xf8_\x8c\xa2',b'N\xab\xce\xc9\xd2T]t\xe6\xa6\x84\t\xf8_\x8c\xa2',b'\xcd\xfa\xffY\xbb\xa2\xfa\xae>\xe8L\x99\xd3[/c',b'N\xab\xce\xc9\xd2T]t\xe6\xa6\x84\t\xf8_\x8c\xa2'
31,b'\x03\xc9i:\xac\x1e\x07\xee\xcb\xaf\xf3\xa2\x8dlR\n',b'\xe9<\xf5R\xd2\x9fCbI\xd2\xf22k\xea\xf8\xdc',b'\x92\xee`UQ\xcb\x10\xe0\x07\xaaA\x14\xea\x03F=',b'\x92\xee`UQ\xcb\x10\xe0\x07\xaaA\x14\xea\x03F=',b'\x92\xee`UQ\xcb\x10\xe0\x07\xaaA\x14\xea\x03F='
32,b':\xaa\x1d\xcb\x14DI\xc3\x89\x0cY\xa8\xe8\xb512',b'?V\xa2\x03XtjB\x9c\x0c\x9eT\xd5\x11\xcb5',b':\xaa\x1d\xcb\x14DI\xc3\x89\x0cY\xa8\xe8\xb512',b':\xaa\x1d\xcb\x14DI\xc3\x89\x0cY\xa8\xe8\xb512',b'\x05*\xb4\x15.\x80\xc9\x95@\xa4%\xf8\xd9\x14\x89\xef'
33,b'k\x15\xce\xe8\xdf@YF\x9b\xa9|\x160\xe9\xa3\x92',b'k\x15\xce\xe8\xdf@YF\x9b\xa9|\x160\xe9\xa3\x92',b'k\x15\xce\xe8\xdf@YF\x9b\xa9|\x160\xe9\xa3\x92',b'\xd1Dn\xc1\x82\x07\x96X\xd2m>\x87\xbf\xb8\xd7\xdd',b'\xb9\x8eC\xd7\x938\xad1T\x12\x9a\xf3mR}$'
34,b'\x85\xe9\x17\x9b\xc0\xc4\xdd\xc8\xdd\x0b\xa4\xaa\x96\x9c\xd1\xb1',"b'\xfb\xbeA\xe1\x01\xc0\x19o\xa9""_f\x9e\xecs\x96'","b""\xcd\x8b\xeem\xd7\xe7\xed\x00 l\xab\xe1O'Nx""",b'\x85\xe9\x17\x9b\xc0\xc4\xdd\xc8\xdd\x0b\xa4\xaa\x96\x9c\xd1\xb1',b'\x85\xe9\x17\x9b\xc0\xc4\xdd\xc8\xdd\x0b\xa4\xaa\x96\x9c\xd1\xb1'
35,"b'T\xcd\xfd\xbd\xf6\xd7\xaf\xa3,\x14\x9avG\\T\xe6'",b'\n*C\xf2\x7f8.\xc9\x96I\xe2\xd17\xe3\xaa\x06',b'=\xed\xeeS\xff\x8f\xb3\x16\xd5\xc2\x9e\xf1kG\xb0\xfe',"b'T\xcd\xfd\xbd\xf6\xd7\xaf\xa3,\x14\x9avG\\T\xe6'","b'T\xcd\xfd\xbd\xf6\xd7\xaf\xa3,\x14\x9avG\\T\xe6'"
36,b'\xf1\xf5\xe8\xf3\xbc\xdf\x96\xb1\xde\xc7\x0b\xe6Xq\xb7\xc2',b'\xa8np\x8e\x92\xe6\x1b\xe5va\xd8+y\x88\x18\xb5',b'\xf1\xf5\xe8\xf3\xbc\xdf\x96\xb1\xde\xc7\x0b\xe6Xq\xb7\xc2',b'g\x94R\x900=\xc2\xa2C$\xb3\\lh\x99E',b'\xf1\xf5\xe8\xf3\xbc\xdf\x96\xb1\xde\xc7\x0b\xe6Xq\xb7\xc2'
37,b'\xe7`\x8c\nJ\xb8\xa7\xac1\xb6\xce$q\xa3\xdb\xd3',"b'""\r\x11\x12y\xc5\xf7\xa5\xa4_t\xa0\xf7Fv\xe3'",b'\x88\xf8\xca\xf0\x8f\xe3\xc0\x1c\x010#\xb3\xdb\xc5\x8e\x9a',b'\xe7`\x8c\nJ\xb8\xa7\xac1\xb6\xce$q\xa3\xdb\xd3',b'\xe7`\x8c\nJ\xb8\xa7\xac1\xb6\xce$q\xa3\xdb\xd3'
38,"b'\x93\xb0\x8f(O\xa4U\xcd\'\xa3\x97\xd8\x91""\x12b'",b'Un80\xde\xb0i\x17\xea\x19\x03\x06?/#\xb9',"b'\x93\xb0\x8f(O\xa4U\xcd\'\xa3\x97\xd8\x91""\x12b'",b'\x8d\x08\xa5\xb0CQ6:[\xa4}\x8d\xd7\xd4\x84\xb8',"b'\x93\xb0\x8f(O\xa4U\xcd\'\xa3\x97\xd8\x91""\x12b'"
39,b'HT\x93\xf5\x01\x14\xcd\xa35\x0c\x15\xebMr\x80b',b'\xc1\x8ddz\x84\x98\x00x\xf0\xa0k\x06\x92d\xedD',b'HT\x93\xf5\x01\x14\xcd\xa35\x0c\x15\xebMr\x80b',b'HT\x93\xf5\x01\x14\xcd\xa35\x0c\x15\xebMr\x80b',b'\xd1\xca\x82\x14\xb6#VI\xf5`\x9b\x8eXH\x8b)'
40,"b""t\xf6\xd3\r\x16'\xb7\xcc<\xb5\x8b\xf3\x11\xcf4q""",b'\xd2\x19\xef]&r\xd3\xb3\xbc\xe2F\xee;+\xcaw',b';gxx\xb7[\xa6\x13\xee\x80\xe3\x00\x18\xcf\x19\xef',"b""t\xf6\xd3\r\x16'\xb7\xcc<\xb5\x8b\xf3\x11\xcf4q""","b""t\xf6\xd3\r\x16'\xb7\xcc<\xb5\x8b\xf3\x11\xcf4q"""
41,b'$\x86\xf07z7\xb4\xaa\x15&\x89\x00-\xb1P\xdb',b'\x8cVO\x87`\xad\x7f~2\xa0H\xcc\xd9\xb0\xaf^',b'\x102\xbe\xdal6:\x94V\xa19\x07.\xdc\xba\xe1',b'\x102\xbe\xdal6:\x94V\xa19\x07.\xdc\xba\xe1',b'\x102\xbe\xdal6:\x94V\xa19\x07.\xdc\xba\xe1'
42,b'H\x16\x920o<XK\xb9\xba\xa2\x0by\xcf\x826',b'd\x98Z\x1f\xf1%\x95b\xc1Y\xfaH\xc6MZL',b'\x8a\x94\xcd\x85\x1bY\xefJt\x91\xce\x8e\x00\x9e\x93\x7f',b'd\x98Z\x1f\xf1%\x95b\xc1Y\xfaH\xc6MZL',b'd\x98Z\x1f\xf1%\x95b\xc1Y\xfaH\xc6MZL'
43,"b'0>\x04\xc4\xe9\xb5]\xb7,\xa7M"":\xeaY\xca'",b'Wv/\x7f\xa2)`\x16\x91\x00\xe0\x8f\x95\x90\x84\x98',"b'0>\x04\xc4\xe9\xb5]\xb7,\xa7M"":\xeaY\xca'",b'cE\xb93\x1f\xb4Iu\xeaD\xba`\xffV\xcc\xd9',"b'0>\x04\xc4\xe9\xb5]\xb7,\xa7M"":\xeaY\xca'"
44,b'\x8d3\x07\xb7m\xe1H\xeb\x9c_\xbb\x86/\xa4\r\xfa',b's\xd9\xd8\xdd\xb3\x891^pK\xcc\xc9#\x13\xcd\xc2',b's\xd9\xd8\xdd\xb3\x891^pK\xcc\xc9#\x13\xcd\xc2',b's\xd9\xd8\xdd\xb3\x891^pK\xcc\xc9#\x13\xcd\xc2',b'\xc8\xfe\x16\x96\x0b\xd4\xb3\xc5\xbbS]\xceIB\xc4\x87'
45,b'U\xb8!\xd1\n\xdbq\xd7\x1f\xc1\xf92\xfd\x19r\x10',b'\x85\xfcl\xf0%\xeed6\x93\x15\x1a\xa1}\t\x1fz',b'srS>\xae\xbe|2\x11-\xa9\x81]\t\x12\x1d',b'U\xb8!\xd1\n\xdbq\xd7\x1f\xc1\xf92\xfd\x19r\x10',b'U\xb8!\xd1\n\xdbq\xd7\x1f\xc1\xf92\xfd\x19r\x10'
46,b'09\x7fq\x16\xbcOe\xa3\x93\x06\xca\xb3d~\x1e',b'Z\\W)\xd4\x8f\xeb\xfa\x85\x1f\xc5\xc3S\x8cQE',b'Z\\W)\xd4\x8f\xeb\xfa\x85\x1f\xc5\xc3S\x8cQE',b'Z\\W)\xd4\x8f\xeb\xfa\x85\x1f\xc5\xc3S\x8cQE',b'\xae\x8c\xc4\xb5\xb7\xba\x9c\xcf\x07m\xc5:kD8b'
47,"b""\xd1\x11\x9dV\xce\x7f'@\x9c\xd3\x1f\x024b\x8e\xee""","b""\xd1\x11\x9dV\xce\x7f'@\x9c\xd3\x1f\x024b\x8e\xee""",b'Yd0\xf4\xde\x03\xd6&\xc5{\xe4\xd7\rI#\xd4',b'\xe8\xd7\x9f.\xc8\x88\xf0W\xb7\xc3\x8b\x83h\xff)\x95',"b""\xd1\x11\x9dV\xce\x7f'@\x9c\xd3\x1f\x024b\x8e\xee"""
48,b'\x94o\x96\x14a\xf5^\xb6\xba\xcc=\xa2\x00\x94\xf4\x81',"b'\x89\xac \x8d,\x90\x7fur\xfdo\\\\\t\xde\xff'","b'\x89\xac \x8d,\x90\x7fur\xfdo\\\\\t\xde\xff'",b'\xe9t\x8b\xf6wp/\x19\x17\xe0I\xb9#Ed\xe5',"b'\x89\xac \x8d,\x90\x7fur\xfdo\\\\\t\xde\xff'"
49,b'\xb0\x9a\x0b5zbf\x8f\xafSk\\d{\xb5\xa9',b'\xba\x06\xa6\xdd\xc4\xd1e\xc8V|\xd8vN!\x8d.',b'\xba\x06\xa6\xdd\xc4\xd1e\xc8V|\xd8vN!\x8d.',b'\xba\x06\xa6\xdd\xc4\xd1e\xc8V|\xd8vN!\x8d.',b'\xa4B_\xe0\xec\xd2T\xe2\xe9p\xbf!\x9d\x9d\x8e\xae'
50,b'T\xbb\xd1q\x8b\x98/\xed\x90\x04\x8dR\x1c\xb3N\xc5',"b'_K\xf1\x86\xefI""W\x90\x95\xed\xa3g\xc4\xdf\xe3'","b'B#l\x9bJc3\x85\xdb,\xf3ri\xd2i!'",b'T\xbb\xd1q\x8b\x98/\xed\x90\x04\x8dR\x1c\xb3N\xc5',b'T\xbb\xd1q\x8b\x98/\xed\x90\x04\x8dR\x1c\xb3N\xc5'
